<?xml version="1.0"?>
<ruleset name="FoundationPress Theme, WordPress Coding Standards Configuration">
	<!-- See https://github.com/squizlabs/PHP_CodeSniffer/wiki/Annotated-ruleset.xml -->
	<!-- See https://github.com/WordPress-Coding-Standards/WordPress-Coding-Standards/blob/develop/WordPress-Core/ruleset.xml -->

	<!-- Set a description for this ruleset. -->
	<description>A series of tests used to check FoundationPress for compliance with WordPress Coding Standards</description>

	<!-- Include the WordPress ruleset, with exclusions. -->
	<rule ref="WordPress">
		<exclude name="Generic.WhiteSpace.ScopeIndent.Incorrect" />
		<exclude name="PEAR.Functions.FunctionCallSignature.Indent" />
		<exclude name="Generic.WhiteSpace.ScopeIndent.IncorrectExact" />

		<exclude name="WordPress.XSS.EscapeOutput" />
		<exclude name="WordPress.WhiteSpace.ScopeIndent.Incorrect" />
		<exclude name="WordPress.Variables.GlobalVariables" />
	</rule>
</ruleset>